iter	MultiClass
0	7.672905252
1	7.626423897
2	7.577990674
3	7.533479506
4	7.491562315
5	7.456743579
6	7.421094315
7	7.387332457
